id,title,story,img,audio
1,The Friendship Garden,"Once upon a time, in a small village called Blossomville, lived two best friends named Lily and Daisy. They were inseparable and did everything together. One sunny day, as they strolled through the village, they noticed a piece of barren land. Curiosity sparked within them, and they decided to explore the plot. They dreamt of transforming it into a beautiful garden, blooming with colorful flowers.

Excitedly, Lily and Daisy gathered seeds, soil, and gardening tools. They spent hours digging, planting, and caring for their budding garden. As days turned into weeks, the once dull plot transformed into a picturesque sanctuary. Vibrant flowers bloomed, butterflies danced, and the garden became a beacon of joy for the whole village.

However, one day, a mischievous squirrel named Scrappy began to visit the garden. Scrappy loved digging up the plants and scattering the seeds everywhere. The girls became disheartened as all their hard work seemed to go to waste. They tried chasing away the squirrel but failed every time.

Feeling defeated, Lily and Daisy decided to seek advice from the village wise owl, Mr. Hoots. He listened attentively to their tale and smiled, ""My dear girls, every obstacle is an opportunity in disguise. Instead of fighting against Scrappy, why not turn him into a helper?""

Puzzled, the girls wondered how to make that happen. Mr. Hoots explained, ""Squirrels love acorns. If you provide Scrappy with his own special area filled with acorns, he won't disturb your garden anymore."" Inspired, the girls followed the wise owl's advice. They created a small corner with abundant acorns, away from their flowers.

True to Mr. Hoots' words, Scrappy the squirrel found his special area and settled there happily. He no longer bothered the girls' garden, understanding that it was the friendship garden, not for him to disturb. Lily and Daisy realized their garden taught them to find a peaceful solution instead of resorting to anger.

The village soon learned about the girls' ingenious approach to Scrappy. Inspired by their creativity, every villager built their own friendship garden, where everyone, including Scrappy, coexisted in harmony. The once-barren land had now become the heart of Blossomville, fostering friendship and showing the importance of finding peaceful solutions. And so, Lily and Daisy's garden continued to bloom with love and laughter for years to come.","['http://127.0.0.1:5000/images/The Friendship Garden0.png', 'http://127.0.0.1:5000/images/The Friendship Garden1.png', 'http://127.0.0.1:5000/images/The Friendship Garden2.png', 'http://127.0.0.1:5000/images/The Friendship Garden3.png']",http://127.0.0.1:5000/audios/The Friendship Garden.wav
2,The Wise Old Man and the Little Rabbit,"Once upon a time, in a cozy little village nestled in the heart of a lush forest, there lived a kind and wise old man named Mr. Wilson. With every passing day, the villagers would flock to his house to seek advice and gain wisdom. They believed his years of experience made him the wisest person in the entire village.

One sunny morning, as Mr. Wilson was enjoying his morning tea in the garden, he noticed a furry little creature hopping around - a tiny rabbit. The rabbit was trying to climb up a tall tree but was struggling. Mr. Wilson, with concern in his eyes, approached the rabbit and gently asked why it was trying to climb the tree.

The rabbit replied, ""I want to reach the juicy and delicious apples at the very top of the tree! They look so tempting!""

The old man smiled kindly at the little rabbit. ""My dear friend, you may not be able to climb that tree, but you possess a gift that no other creature does - your fast hops! Instead of longing for something out of your reach, why not enjoy the grass and flowers around you? Be content with what you have, for it will bring you joy.""

The little rabbit realized the wisdom in Mr. Wilson's words and nodded its little head. From that day on, the rabbit hopped around the village, exploring all the beautiful gifts nature had given. It realized that happiness was not in reaching the unreachable, but in appreciating and using what it already possessed.

The moral of the story is that it's essential to be content and appreciate the things we have, for they hold the true treasures in life. Comparing ourselves or longing for things out of our reach will only bring us unhappiness. Like the rabbit, we must embrace our own unique gifts and make the most of them, finding happiness in what we already have. True happiness lies in appreciating the little things that surround us every day.","['http://127.0.0.1:5000/images/The Wise Old Man and the Little Rabbit0.png', 'http://127.0.0.1:5000/images/The Wise Old Man and the Little Rabbit1.png', 'http://127.0.0.1:5000/images/The Wise Old Man and the Little Rabbit2.png', 'http://127.0.0.1:5000/images/The Wise Old Man and the Little Rabbit3.png']",http://127.0.0.1:5000/audios/The Wise Old Man and the Little Rabbit.wav
3,The Little Rabbit's Adventure,"Once upon a time in a beautiful meadow, there lived a little rabbit named Rosie. Rosie was a curious and adventurous rabbit who loved exploring the world around her. She had a soft, brown fur that kept her warm and big, sparkling eyes that were always full of excitement.

One sunny morning, Rosie woke up to the chirping of birds and couldn't resist the urge to explore the nearby forest. Without hesitation, she hopped out of her cozy burrow and ventured into the unknown. As she hopped deeper into the forest, Rosie noticed a colorful butterfly fluttering ahead of her. Filled with excitement, she decided to follow it, unaware of the dangers that might lie ahead.

As Rosie continued chasing the butterfly, she suddenly realized she had become lost in the dense woods. Panic started to set in, and she didn't know which direction to go in. Just as she was about to cry for help, an old and wise owl named Oliver appeared. Seeing Rosie's distress, Oliver landed on a nearby tree branch and kindly offered his guidance.

Oliver told Rosie that sometimes in life, we get so caught up in pursuing what seems exciting and fun that we lose sight of what truly matters â our safety and well-being. He reminded her that it's important to be aware of our surroundings and not rush into unfamiliar territory without proper caution. Rosie took Oliver's advice to heart, thanking him for his wise words. With his guidance, Rosie managed to find her way back home safely, promising herself to always respect and value her own safety.

The little rabbit's adventure taught Rosie an essential lesson - to listen, observe, and be mindful of her surroundings. From that day on, Rosie lived a happy and fulfilling life, exploring within the limits of her meadow and always appreciating the beauty and safety of her home. And whenever she spotted the wise old owl, Rosie couldn't help but remember the valuable lesson he had taught her about avoiding unnecessary risks and treasuring what truly matters in life - our well-being and the place we call home.","[""http://127.0.0.1:5000/images/The Little Rabbit's Adventure0.png"", ""http://127.0.0.1:5000/images/The Little Rabbit's Adventure1.png"", ""http://127.0.0.1:5000/images/The Little Rabbit's Adventure2.png"", ""http://127.0.0.1:5000/images/The Little Rabbit's Adventure3.png""]",http://127.0.0.1:5000/audios/The Little Rabbit's Adventure.wav
4,The Clever Donkey,"Once upon a time, in a small village, there lived a donkey named Sparky. Sparky was no ordinary donkey. He was known for his incredible intelligence and wit. All the animals in the village were amazed by his abilities. But Sparky was not only clever, he was also kind-hearted and loved helping others.

One sunny day, a rabbit named Rosie approached Sparky with a worried look on her face. ""Sparky,"" she said, ""the village well has run dry, and we have no water to drink. Can you help us find a solution?"" Sparky pondered for a moment and replied, ""Don't worry, Rosie. I have an idea. Follow me.""

Leading Rosie to a hidden spot deep in the woods, Sparky discovered a secret underground spring. ""We have found water!"" exclaimed Sparky. Rosie and the other animals were overjoyed. They rushed back to the village to share the good news. Thanks to Sparky's intelligence and resourcefulness, the village thrived once again.

The moral of the story is that intelligence combined with compassion can create miracles. Sparky's quick thinking helped the entire village overcome a difficult situation. It reminds us that using our cleverness and knowledge for the benefit of others is truly rewarding. No matter how big or small, our actions can make a positive difference in the lives of those around us.","['http://127.0.0.1:5000/images/The Clever Donkey0.png', 'http://127.0.0.1:5000/images/The Clever Donkey1.png', 'http://127.0.0.1:5000/images/The Clever Donkey2.png', 'http://127.0.0.1:5000/images/The Clever Donkey3.png']",http://127.0.0.1:5000/audios/The Clever Donkey.wav
5,The Brave Knight and the Lost Pup,"Once upon a time, in a peaceful little village nestled in the heart of a lush green valley, lived a brave knight named Sir William. He was renowned for his courage, kind heart, and his unwavering sense of justice. Every day, Sir William went on thrilling adventures, protecting the vulnerable and upholding peace. One sunny morning, as he was strolling through the village, he stumbled upon a terrified little pup hiding behind a bush.

The kind-hearted knight approached the shivering pup and gently scooped him up in his arms. The pup nuzzled against Sir William, seeking comfort and safety. With a determined look in his eyes, the brave knight set off to find the pup's owners. He asked everyone he met, but nobody recognized the cute little pup.

Days turned into weeks, and Sir William grew fond of his furry companion, whom he named Oliver. They went everywhere together, side by side - Oliver trotting joyfully alongside the knight's horse. Sir William taught Oliver to be brave, just like himself, and inspired him with stories of ancient heroes.

One evening, while they were wandering through a dense forest, they stumbled upon a troubled flock of sheep. Night was falling, and a ferocious wolf was lurking nearby. Without a moment's hesitation, Sir William bravely stepped in between the wolf and the helpless sheep. Oliver watched, feeling a surge of determination. Just as the wolf lunged, Sir William swiftly drew his sword, defending the flock with unwavering bravery.

Witnessing Sir William's heroic act, Oliver was filled with newfound courage. He dashed towards the wolf, yapping and barking loudly, diverting its attention. The brave knight took advantage of the distraction and landed a decisive blow, rescuing the sheep and defeating the fearsome predator.

The village celebrated Sir William and Oliver as the heroes they were. The brave knight patted Oliver's head lovingly, proud of his little companion who had stood up against fear. And so, the moral of the story is revealed - no matter how small you may feel, bravery lies within you. Sometimes, it just takes a courageous heart to help uncover it.","['http://127.0.0.1:5000/images/The Brave Knight and the Lost Pup0.png', 'http://127.0.0.1:5000/images/The Brave Knight and the Lost Pup1.png', 'http://127.0.0.1:5000/images/The Brave Knight and the Lost Pup2.png', 'http://127.0.0.1:5000/images/The Brave Knight and the Lost Pup3.png']",http://127.0.0.1:5000/audios/The Brave Knight and the Lost Pup.wav
6,Spider-Man and his Super Friends,"Once upon a time in the bustling city of New York, Spider-Man swung gracefully from one skyscraper to another, keeping the city safe from evildoers. Although Spider-Man was a true hero, he knew that even superheroes needed help sometimes. That's why he called upon his friends, Iron Man, Captain America, and Black Widow, to form an unstoppable team of crime-fighters.

One day, Spider-Man and his friends received a distress call from the city park. A gang of mischievous monkeys had escaped from the zoo and were causing chaos. Spider-Man knew he couldn't handle it alone, so he gathered his friends and headed towards the park. 
When they arrived, they were stunned to find trees toppled over, flower beds trampled, and monkeys swinging from branches, tossing banana peels everywhere. Spider-Man tapped into his spider-senses and realized that there was something more causing the monkeys' behavior. 

After a brief investigation, they discovered that the monkeys were stealing food because they were hungry and neglected. Spider-Man's friends quickly sprang into action! Iron Man used his high-tech gadgets to build a makeshift shelter, Captain America rallied the community to bring food for the monkeys, and Black Widow helped groom and take care of the monkeys. Spider-Man himself used his web-slinging skills to create a large jungle gym for the monkeys to play on. 

Seeing their determination and kindness, the monkeys' hearts were filled with gratitude. They realized that the city park was a shared space, and instead of causing havoc, they should cherish and protect it. They promised Spider-Man and his friends that they would behave responsibly and never steal again. From that day forward, Spider-Man's team and the monkeys became the best of friends, working together to keep the city park clean and safe.

Moral of the story: Spider-Man and his friends taught us that kindness, cooperation, and helping others can solve even the biggest problems. We should not only rely on ourselves but also reach out to our friends when we face difficulties. By working together, we can create positive change and build stronger communities. Remember, every small act of kindness can make a big difference!","['http://127.0.0.1:5000/images/Spider-Man and his Super Friends0.png', 'http://127.0.0.1:5000/images/Spider-Man and his Super Friends1.png', 'http://127.0.0.1:5000/images/Spider-Man and his Super Friends2.png', 'http://127.0.0.1:5000/images/Spider-Man and his Super Friends3.png']",http://127.0.0.1:5000/audios/Spider-Man and his Super Friends.wav
7,"""Super Friends Forever""","Once upon a time, in the bustling city of Metropolis, Superman soared through the sky with his incredible strength and ability to fly. On the other side of the vast ocean, Batman guarded Gotham City, armed with his brilliant mind and amazing gadgets. Both superheroes were admired by the people, but a question lingered: who was stronger, Superman or Batman?

One sunny day, the Mayor decided to organize a friendly competition, inviting Superman and Batman to showcase their talents. The townspeople gathered in excitement, hoping to finally witness the super-powered showdown. The superheroes agreed to compete in a series of tests that would demonstrate their unique skills and powers.

First, they raced through the streets, zigzagging between buildings. Superman zoomed ahead with his lightning-fast speed, while Batman elegantly maneuvered through the shadows. The townspeople cheered and marveled at their incredible abilities. But as they reached the finish line, Superman halted, realizing Batman had tripped and fallen behind.

Superman's heart swelled with concern for his friend. He flew back and, with his strong arms, lifted Batman like a feather. The crowd went wild with applause. The Super Friends realized that there was no need for competition because their strengths were unique to each of them. They formed an unbreakable bond, promising to support and help each other whenever needed.

The moral of the story is that true strength lies not only in physical abilities but also in the bonds we form and the support we offer each other. We must remember that even superheroes need a helping hand sometimes. Instead of comparing ourselves to others, we should celebrate the diverse strengths and talents that make us unique. Just like Superman and Batman, when we unite and encourage one another, we become an unstoppable force, making the world a better place for everyone.","['http://127.0.0.1:5000/images/""Super Friends Forever""0.png', 'http://127.0.0.1:5000/images/""Super Friends Forever""1.png', 'http://127.0.0.1:5000/images/""Super Friends Forever""2.png', 'http://127.0.0.1:5000/images/""Super Friends Forever""3.png']","http://127.0.0.1:5000/audios/""Super Friends Forever"".wav"
8,"""Flash and His Infinite Speed""","Once upon a time in a small village called Greenhaven, there lived a cheerful turtle named Flash. Flash was unlike any other turtle in the world, for he possessed an incredible power: infinite speed. He could zip through the meadows and soar through the skies quicker than the blink of an eye. Flash loved to explore and discover new things but often found himself getting carried away with his amazing ability.

One sunny day, Flash decided to explore the tall mountains that surrounded Greenhaven. As he zipped through the rugged landscape, he noticed a group of ants struggling to build a bridge across a deep ravine. Flash thought he could help them with his speed, so he offered his assistance. Without waiting for a response, he zoomed back and forth, carrying sticks for the bridge, ignoring the ants' pleas to slow down. Suddenly, the bridge he had hastily constructed collapsed, causing the ants to fall into the deep ravine. Flash realized that his infinite speed didn't always guarantee success.

Feeling remorseful, Flash frantically tried to rescue the ants from the dark pit. However, his speed hindered him from noticing an old rabbit named Roscoe cautiously approaching. Roscoe had been watching Flash's reckless behavior and decided to lend a paw. Slowly and carefully, Roscoe lowered a thin vine into the ravine to signa to the ants, who slowly grabbed on. Together, Flash and Roscoe rescued all the ants, and Flash realized the significance of patience and teamwork.

From that day forward, Flash changed his ways. He slowed down and used his incredible speed to help others in a more thoughtful manner. Flash realized that his power was a gift to be used wisely, not just to rush through life. He joined forces with the animals in Greenhaven, using his speed and the wisdom of his new friend Roscoe to make their village even more beautiful, helping everyone understand the true value of teamwork.

The moral of the story is that being quick or having a special skill should not make us forget the importance of being patient and considerate towards others. Just like Flash, we must use our abilities responsibly, ensuring that we don't overlook the needs and opinions of those around us. By combining our strengths and listening to the wisdom of others, we create a stronger and kinder community where everyone can thrive.","['http://127.0.0.1:5000/images/""Flash and His Infinite Speed""0.png', 'http://127.0.0.1:5000/images/""Flash and His Infinite Speed""1.png', 'http://127.0.0.1:5000/images/""Flash and His Infinite Speed""2.png', 'http://127.0.0.1:5000/images/""Flash and His Infinite Speed""3.png']","http://127.0.0.1:5000/audios/""Flash and His Infinite Speed"".wav"
9,The Fast Hare and the Steady Tortoise,"Once upon a time, in a peaceful meadow, a swift hare named Harry loved to boast about how fast he could run. He considered himself the quickest animal in the forest. On the other hand, a wise and patient tortoise named Toby admired the beauty of nature and believed that slow and steady wins the race. Hearing Harry's proud claims about his speed, Toby couldn't help but chuckle to himself.

One sunny day, the animals of the meadow gathered to settle the matter. They challenged Harry and Toby to a race to determine who was truly the fastest. The two competitors agreed on the racecourse, a path winding through the colorful flowers and tall grass. All the animals couldn't wait to see which creature would triumph.

As the race began, Harry dashed off with lightning speed, leaving Toby far behind. The spectators cheered for the hare, amazed by his extraordinary agility. However, overconfident and eager to enjoy his advantage, Harry stopped halfway to rest and admire his lead. Meanwhile, Toby continued to persevere, putting one steady foot in front of the other, determined to reach the finish line.

When Harry finally realized he had been foolishly wasting time, he rushed ahead as fast as he could. But it was too late! He watched in astonishment as he saw Toby, with a slow and steady pace, cross the finish line before him. The cheering animals honored the tortoise with applause and admiration, while the hare stood in disbelief, regretting his arrogance.

The moral of the story is that slow and steady wins the race. It's better to have a focused and determined mindset than to be overconfident and lazy. While speed can be impressive, patience, perseverance, and consistent effort lead to success. Toby, the humble tortoise, taught everyone a valuable lesson. From that day forward, Harry, the hare, became a more thoughtful and caring friend, appreciating the strengths of others and realizing the importance of embracing one's own unique qualities.","['http://127.0.0.1:5000/images/The Fast Hare and the Steady Tortoise0.png', 'http://127.0.0.1:5000/images/The Fast Hare and the Steady Tortoise1.png', 'http://127.0.0.1:5000/images/The Fast Hare and the Steady Tortoise2.png', 'http://127.0.0.1:5000/images/The Fast Hare and the Steady Tortoise3.png']",http://127.0.0.1:5000/audios/The Fast Hare and the Steady Tortoise.wav
10,Spider-Man and the Power of Teamwork,"Once upon a time in the bustling city of New York, Spider-Man swung from building to building, keeping the streets safe from any harm. The friendly neighborhood superhero loved to help others, but he also knew the importance of having friends. His friends were always there to lend a helping hand whenever he needed it. Spider-Man treasured the friendship he shared with others and believed that together, they could conquer anything!

One sunny day, Spider-Man learned that the wicked Green Goblin was up to no good, causing chaos in the streets of the city. He decided to assemble a team of his friends to stop the Green Goblin's mischief for good. Spider-Man called upon his trusty sidekick, Iron Man, who had strength and intelligence. They were soon joined by the agile Black Widow, the mighty Hulk, and the tech-savvy genius, Iron Spider.

As they prepared to face the Green Goblin, Spider-Man shared an important lesson with his friends. ""Remember, my friends, the key to success is teamwork,"" he exclaimed. ""We may all have unique abilities, but together, we are unstoppable!"" With their shared determination, Spider-Man and his friends set off to save the city from the hands of the Green Goblin.

As the heroes fought side by side, they encountered various obstacles that tested their individual abilities. The Green Goblin tried to divide and conquer them, but Spider-Man's words echoed in their hearts. They realized that true power lay not in their individual strengths but in their unity and support for one another. Their friendship and teamwork fueled their determination, and they overcame every challenge thrown their way.

With their combined might, the superheroes defeated the Green Goblin and brought peace back to the city. As they celebrated their victory, Spider-Man reminded everyone of the moral of their adventure. ""We have shown that by working together, we can achieve incredible things,"" he declared. ""Strength, bravery, and intelligence are important, but friendship and teamwork are the true sources of our power.""

From that day forward, Spider-Man and his friends continued to protect the city, guided by the power of their teamwork. Whenever they faced any danger, they knew that by standing united, they could overcome any obstacle that came their way. The city's residents looked up to them not just as superheroes but as a shining example of what can be achieved when friends come together. And so, in the heart of New York, Spider-Man and his friends taught everyone the timeless lesson that teamwork is truly the greatest superpower of all.","['http://127.0.0.1:5000/images/Spider-Man and the Power of Teamwork0.png', 'http://127.0.0.1:5000/images/Spider-Man and the Power of Teamwork1.png', 'http://127.0.0.1:5000/images/Spider-Man and the Power of Teamwork2.png', 'http://127.0.0.1:5000/images/Spider-Man and the Power of Teamwork3.png', 'http://127.0.0.1:5000/images/Spider-Man and the Power of Teamwork4.png', 'http://127.0.0.1:5000/images/Spider-Man and the Power of Teamwork5.png', 'http://127.0.0.1:5000/images/Spider-Man and the Power of Teamwork6.png', 'http://127.0.0.1:5000/images/Spider-Man and the Power of Teamwork7.png']",http://127.0.0.1:5000/audios/Spider-Man and the Power of Teamwork.wav
11,Lily and the Lost Kitten,"Once upon a time, in a small town, there lived a cute little girl named Lily. Lily had the biggest heart and was loved by everyone in the neighborhood. One sunny morning, as Lily skipped through the park, she spotted a tiny kitten, all alone and scared. With a compassionate smile on her face, Lily gently picked up the kitten and held it close.

Lily knew she had to find the kitten's family, so she asked all the people at the park if they knew who it belonged to. But no one recognized the little furball. Determined to help, Lily decided to take the kitten home until its family could be located. She named it Mittens, as it had the most adorable paws she had ever seen.

Days turned into weeks, and Lily cared for Mittens like she was her own family. She fed her, played with her, and even taught her how to use a litter box. But deep down, Lily knew that Mittens deserved to be with a family who loved her just as much.

One day, while Lily was having a conversation with her parents about finding a forever home for Mittens, a kind neighbor overheard. The neighbor knew someone who was looking for a loving, playful pet for their children. Lily's eyes sparkled with joy, realizing she had found Mittens' perfect family. With happy tears in her eyes, she hugged Mittens tightly and whispered, ""You deserve the best, sweet Mittens. I'm going to miss you, but we'll always have a special place in our hearts for each other.""

The moral of the story is that sometimes, the kindest thing we can do is put others' needs before our own. Lily's kindheartedness taught her that true love means doing what's best for someone, even if it means letting them go. And so, Lily bid farewell to Mittens, knowing she had made a difference in the kitten's life. From that day forward, she knew that love wasn't just about keeping someone close, but also about helping them find happiness and a loving family to call their own.","['http://127.0.0.1:5000/images/Lily and the Lost Kitten0.png', 'http://127.0.0.1:5000/images/Lily and the Lost Kitten1.png', 'http://127.0.0.1:5000/images/Lily and the Lost Kitten2.png', 'http://127.0.0.1:5000/images/Lily and the Lost Kitten3.png']",http://127.0.0.1:5000/audios/Lily and the Lost Kitten.wav
